insert into Movie (movie_id, title, release_year) values (1, 'Close-Up', 1990);
insert into Movie (movie_id, title, release_year) values (2, 'Vertigo', 1958);
insert into Movie (movie_id, title, release_year) values (3, 'Andrei Rublev', 1966);
insert into Movie (movie_id, title, release_year) values (4, 'Uncle Boonmee Who Can Recall His Past Lives', 2010);
insert into Movie (movie_id, title, release_year) values (5, 'Moneyball', 2011);
insert into Movie (movie_id, title, release_year) values (6, 'Sunset Blvd.', 1950);
insert into Movie (movie_id, title, release_year) values (7, 'Scarface', 1983);
insert into Movie (movie_id, title, release_year) values (8, 'Modern Times', 1935);
insert into Movie (movie_id, title, release_year) values (9, 'Batman Begins', 2005);
insert into Movie (movie_id, title, release_year) values (10, 'The Dark Knight', 2008);
insert into Movie (movie_id, title, release_year) values (11, 'Inception', 2010);
insert into Movie (movie_id, title, release_year) values (12, 'The Dark Knight Rises', 2012);
insert into Movie (movie_id, title, release_year) values (13, 'Interstellar', 2014);
insert into Movie (movie_id, title, release_year) values (14, 'Dunkirk', 2017);
insert into Movie (movie_id, title, release_year) values (15, 'Tenet', 2020);
insert into Movie (movie_id, title, release_year) values (16, 'Unforgiven', 1992);
insert into Movie (movie_id, title, release_year) values (17, 'No Country for Old Men', 2007);
insert into Movie (movie_id, title, release_year) values (18, 'Rosetta', 1999);
insert into Movie (movie_id, title, release_year) values (19, 'Requiem for a Dream', 2000);
insert into Movie (movie_id, title, release_year) values (20, 'A History of Violence', 2005);
insert into Movie (movie_id, title, release_year) values (21, 'Se7en', 1995);
insert into Movie (movie_id, title, release_year) values (22, 'Fight Club', 1999);
insert into Movie (movie_id, title, release_year) values (23, 'Zodiac', 2007);
insert into Movie (movie_id, title, release_year) values (24, 'The Curious Case of Benjamin Button', 2008);
insert into Movie (movie_id, title, release_year) values (25, 'The Social Network', 2010);
insert into Movie (movie_id, title, release_year) values (26, 'Mulholland Dr.', 2001);
insert into Movie (movie_id, title, release_year) values (27, 'Dune', 2021);
insert into Movie (movie_id, title, release_year) values (28, 'A Brighter Summer Day', 1991);
insert into Movie (movie_id, title, release_year) values (29, 'A Streetcar Named Desire', 1951);
insert into Movie (movie_id, title, release_year) values (30, 'Trouble in Paradise', 1932);
insert into Movie (movie_id, title, release_year) values (31, 'Eight and a Half', 1963);
insert into Movie (movie_id, title, release_year) values (32, 'The Godfather', 1972);
insert into Movie (movie_id, title, release_year) values (33, 'The 400 Blows', 1959);
insert into Movie (movie_id, title, release_year) values (34, "It's a Wonderful Life", 1946);
insert into Movie (movie_id, title, release_year) values (35, 'M', 1931);
insert into Movie (movie_id, title, release_year) values (36, "Pan's Labyrinth", 2006);
insert into Movie (movie_id, title, release_year) values (37, 'Asako I & II', 2018);
insert into Movie (movie_id, title, release_year) values (38, 'A City of Sadness', 1989);
insert into Movie (movie_id, title, release_year) values (39, 'Intentions of Murder', 1964);
insert into Movie (movie_id, title, release_year) values (40, 'Persona', 1966);
insert into Movie (movie_id, title, release_year) values (41, 'Love Letter', 1995);
insert into Movie (movie_id, title, release_year) values (42, 'The Rules of the Game', 1939);
insert into Movie (movie_id, title, release_year) values (43, 'Breathless', 1960);
insert into Movie (movie_id, title, release_year) values (44, 'Still Life', 2006);
insert into Movie (movie_id, title, release_year) values (45, 'Broken Flowers', 2005);
insert into Movie (movie_id, title, release_year) values (46, 'The Iron Horse', 1924);
insert into Movie (movie_id, title, release_year) values (47, 'The Maltese Falcon', 1941);
insert into Movie (movie_id, title, release_year) values (48, 'Hana-bi', 1997);
insert into Movie (movie_id, title, release_year) values (49, 'Still Walking', 2008);
insert into Movie (movie_id, title, release_year) values (50, 'Three Colors: Red', 1994);



insert into Director (director_id, director_name, director_birth_date, director_gender) values (1, 'Abbas Kiarostami', '1940-06-22', 'Male');
insert into Director (director_id, director_name, director_birth_date, director_gender) values (2, 'Alfred Hitchcock', '1899-08-13', 'Male');
insert into Director (director_id, director_name, director_birth_date, director_gender) values (3, 'Andrei Tarkovsky', '1932-04-04', 'Male');
insert into Director (director_id, director_name, director_birth_date, director_gender) values (4, 'Apichatpong Weerasethakul', '1970-06-16', 'Male');
insert into Director (director_id, director_name, director_birth_date, director_gender) values (5, 'Bennett Miller', '1966-12-30', 'Male');
insert into Director (director_id, director_name, director_birth_date, director_gender) values (6, 'Billy Wilder', '1906-06-22', 'Male');
insert into Director (director_id, director_name, director_birth_date, director_gender) values (7, 'Brian De Palma', '1940-09-11', 'Male');
insert into Director (director_id, director_name, director_birth_date, director_gender) values (8, 'Charlie Chaplin', '1899-04-16', 'Male');
insert into Director (director_id, director_name, director_birth_date, director_gender) values (9, 'Christopher Nolan', '1970-07-30', 'Male');
insert into Director (director_id, director_name, director_birth_date, director_gender) values (10, 'Clint Eastwood', '1930-05-31', 'Male');
insert into Director (director_id, director_name, director_birth_date, director_gender) values (11, 'Ethan Coen', '1957-09-21', 'Male');
insert into Director (director_id, director_name, director_birth_date, director_gender) values (12, 'Joel Coen', '1954-11-29', 'Male');
insert into Director (director_id, director_name, director_birth_date, director_gender) values (13, 'Jean-Pierre Dardenne', '1951-04-21', 'Male');
insert into Director (director_id, director_name, director_birth_date, director_gender) values (14, 'Luc Dardenne', '1954-03-10', 'Male');
insert into Director (director_id, director_name, director_birth_date, director_gender) values (15, 'Darren Aronofsky', '1969-02-12', 'Male');
insert into Director (director_id, director_name, director_birth_date, director_gender) values (16, 'David Cronenberg', '1943-03-15', 'Male');
insert into Director (director_id, director_name, director_birth_date, director_gender) values (17, 'David Fincher', '1962-08-28', 'Male');
insert into Director (director_id, director_name, director_birth_date, director_gender) values (18, 'David Lynch', '1946-01-20', 'Male');
insert into Director (director_id, director_name, director_birth_date, director_gender) values (19, 'Denis Villeneuve', '1967-10-03', 'Male');
insert into Director (director_id, director_name, director_birth_date, director_gender) values (20, 'Edward Yang', '1947-11-06', 'Male');
insert into Director (director_id, director_name, director_birth_date, director_gender) values (21, 'Elia Kazan', '1909-09-07', 'Male');
insert into Director (director_id, director_name, director_birth_date, director_gender) values (22, 'Ernst Lubitsch', '1892-01-29', 'Male');
insert into Director (director_id, director_name, director_birth_date, director_gender) values (23, 'Federico Fellini', '1920-01-20', 'Male');
insert into Director (director_id, director_name, director_birth_date, director_gender) values (24, 'Francis Ford Coppola', '1939-04-07', 'Male');
insert into Director (director_id, director_name, director_birth_date, director_gender) values (25, 'François Truffaut', '1939-04-07', 'Male');
insert into Director (director_id, director_name, director_birth_date, director_gender) values (26, 'Frank Capra', '1897-05-18', 'Male');
insert into Director (director_id, director_name, director_birth_date, director_gender) values (27, 'Fritz Lang', '1890-12-05', 'Male');
insert into Director (director_id, director_name, director_birth_date, director_gender) values (28, 'Guillermo del Toro', '1964-10-09', 'Male');
insert into Director (director_id, director_name, director_birth_date, director_gender) values (29, 'Hamaguchi Ryusuke', '1978-12-16', 'Male');
insert into Director (director_id, director_name, director_birth_date, director_gender) values (30, 'Hsiao-hsien Hou', '1974-04-08', 'Male');
insert into Director (director_id, director_name, director_birth_date, director_gender) values (31, 'Imamura Shohei', '1926-09-15', 'Male');
insert into Director (director_id, director_name, director_birth_date, director_gender) values (32, 'Ingmar Bergman', '1918-07-14', 'Male');
insert into Director (director_id, director_name, director_birth_date, director_gender) values (33, 'Iwai Shunji', '1963-01-24', 'Male');
insert into Director (director_id, director_name, director_birth_date, director_gender) values (34, 'Jean Renoir', '1894-09-15', 'Male');
insert into Director (director_id, director_name, director_birth_date, director_gender) values (35, 'Jean-Luc Godard', '1930-12-03', 'Male');
insert into Director (director_id, director_name, director_birth_date, director_gender) values (36, 'Jia Zhangke', '1970-05-24', 'Male');
insert into Director (director_id, director_name, director_birth_date, director_gender) values (37, 'Jim Jarmusch', '1953-01-22', 'Male');
insert into Director (director_id, director_name, director_birth_date, director_gender) values (38, 'John Ford', '1894-02-01', 'Male');
insert into Director (director_id, director_name, director_birth_date, director_gender) values (39, 'John Huston', '1906-08-05', 'Male');
insert into Director (director_id, director_name, director_birth_date, director_gender) values (40, 'Kitano Takeshi', '1947-01-18', 'Male');
insert into Director (director_id, director_name, director_birth_date, director_gender) values (41, 'Kora-eda Hirokazu', '1962-06-06', 'Male');
insert into Director (director_id, director_name, director_birth_date, director_gender) values (42, 'Krzysztof Kieslowski', '1941-06-27', 'Male');



insert into MovieDirector (movie_id, director_id) values (1, 1);
insert into MovieDirector (movie_id, director_id) values (2, 2);
insert into MovieDirector (movie_id, director_id) values (3, 3);
insert into MovieDirector (movie_id, director_id) values (4, 4);
insert into MovieDirector (movie_id, director_id) values (5, 5);
insert into MovieDirector (movie_id, director_id) values (6, 6);
insert into MovieDirector (movie_id, director_id) values (7, 7);
insert into MovieDirector (movie_id, director_id) values (8, 8);
insert into MovieDirector (movie_id, director_id) values (9, 9);
insert into MovieDirector (movie_id, director_id) values (10, 9);
insert into MovieDirector (movie_id, director_id) values (11, 9);
insert into MovieDirector (movie_id, director_id) values (12, 9);
insert into MovieDirector (movie_id, director_id) values (13, 9);
insert into MovieDirector (movie_id, director_id) values (14, 9);
insert into MovieDirector (movie_id, director_id) values (15, 9);
insert into MovieDirector (movie_id, director_id) values (16, 10);
insert into MovieDirector (movie_id, director_id) values (17, 11);
insert into MovieDirector (movie_id, director_id) values (17, 12);
insert into MovieDirector (movie_id, director_id) values (18, 13);
insert into MovieDirector (movie_id, director_id) values (18, 14);
insert into MovieDirector (movie_id, director_id) values (19, 15);
insert into MovieDirector (movie_id, director_id) values (20, 16);
insert into MovieDirector (movie_id, director_id) values (21, 17);
insert into MovieDirector (movie_id, director_id) values (22, 17);
insert into MovieDirector (movie_id, director_id) values (23, 17);
insert into MovieDirector (movie_id, director_id) values (24, 17);
insert into MovieDirector (movie_id, director_id) values (25, 17);
insert into MovieDirector (movie_id, director_id) values (26, 18);
insert into MovieDirector (movie_id, director_id) values (27, 19);
insert into MovieDirector (movie_id, director_id) values (28, 20);
insert into MovieDirector (movie_id, director_id) values (29, 21);
insert into MovieDirector (movie_id, director_id) values (30, 22);
insert into MovieDirector (movie_id, director_id) values (31, 23);
insert into MovieDirector (movie_id, director_id) values (32, 24);
insert into MovieDirector (movie_id, director_id) values (33, 25);
insert into MovieDirector (movie_id, director_id) values (34, 26);
insert into MovieDirector (movie_id, director_id) values (35, 27);
insert into MovieDirector (movie_id, director_id) values (36, 28);
insert into MovieDirector (movie_id, director_id) values (37, 29);
insert into MovieDirector (movie_id, director_id) values (38, 30);
insert into MovieDirector (movie_id, director_id) values (39, 31);
insert into MovieDirector (movie_id, director_id) values (40, 32);
insert into MovieDirector (movie_id, director_id) values (41, 33);
insert into MovieDirector (movie_id, director_id) values (42, 34);
insert into MovieDirector (movie_id, director_id) values (43, 35);
insert into MovieDirector (movie_id, director_id) values (44, 36);
insert into MovieDirector (movie_id, director_id) values (45, 37);
insert into MovieDirector (movie_id, director_id) values (46, 38);
insert into MovieDirector (movie_id, director_id) values (47, 39);
insert into MovieDirector (movie_id, director_id) values (48, 40);
insert into MovieDirector (movie_id, director_id) values (49, 41);
insert into MovieDirector (movie_id, director_id) values (50, 42);


insert into Actor (actor_id, actor_name, birth_date, gender) values (1, 'Mohsen Makmalbaf', '1957-01-01', 'Male');
insert into Actor (actor_id, actor_name, birth_date, gender) values (2, 'James Stewart', '1908-05-20', 'Male');
insert into Actor (actor_id, actor_name, birth_date, gender) values (3, 'Kim Novak', '1933-02-13', 'Female');
insert into Actor (actor_id, actor_name, birth_date, gender) values (4, 'Barbara Bel Geddes', '1922-10-31', 'Female');
insert into Actor (actor_id, actor_name, birth_date, gender) values (5, 'Anatoly Solonitsyn', '1934-08-30', 'Male');
insert into Actor (actor_id, actor_name, birth_date, gender) values (6, 'Ivan Lapikov', '1922-07-07', 'Male');
insert into Actor (actor_id, actor_name, birth_date, gender) values (7, 'Thanapat Saisaymar', '1968-01-01', 'Male');
insert into Actor (actor_id, actor_name, birth_date, gender) values (8, 'Brad Pitt', '1963-12-18', 'Male');
insert into Actor (actor_id, actor_name, birth_date, gender) values (9, 'Jonah Hill', '1983-12-20', 'Male');
insert into Actor (actor_id, actor_name, birth_date, gender) values (10, 'Philip Seymour Hoffman', '1967-07-23', 'Male');
insert into Actor (actor_id, actor_name, birth_date, gender) values (11, 'William Holden', '1918-04-17', 'Male');
insert into Actor (actor_id, actor_name, birth_date, gender) values (12, 'Gloria Swanson', '1899-03-27', 'Female');
insert into Actor (actor_id, actor_name, birth_date, gender) values (13, 'Al Pacino', '1940-04-25', 'Male');
insert into Actor (actor_id, actor_name, birth_date, gender) values (14, 'Charlie Chaplin', '1889-04-16', 'Male');
insert into Actor (actor_id, actor_name, birth_date, gender) values (15, 'Christian Bale', '1974-01-30', 'Male');
insert into Actor (actor_id, actor_name, birth_date, gender) values (16, 'Michael Caine', '1933-03-14', 'Male');
insert into Actor (actor_id, actor_name, birth_date, gender) values (17, 'Liam Neeson', '1952-06-07', 'Male');
insert into Actor (actor_id, actor_name, birth_date, gender) values (18, 'Katie Holmes', '1978-12-18', 'Female');
insert into Actor (actor_id, actor_name, birth_date, gender) values (19, 'Gary Oldman', '1958-03-21', 'Male');
insert into Actor (actor_id, actor_name, birth_date, gender) values (20, 'Heath Ledger', '1979-04-04', 'Male');
insert into Actor (actor_id, actor_name, birth_date, gender) values (21, 'Leonardo DiCaprio', '1974-11-11', 'Male');
insert into Actor (actor_id, actor_name, birth_date, gender) values (22, 'Ken Watanabe', '1959-10-21', 'Male');
insert into Actor (actor_id, actor_name, birth_date, gender) values (23, 'Joseph Gordon-Levitt', '1981-02-17', 'Male');
insert into Actor (actor_id, actor_name, birth_date, gender) values (24, 'Marion Cottillard', '1975-09-30', 'Female');
insert into Actor (actor_id, actor_name, birth_date, gender) values (25, 'Eliot Page', '1987-02-21', 'Female');
insert into Actor (actor_id, actor_name, birth_date, gender) values (26, 'Tom Hardy', '1977-09-15', 'Male');
insert into Actor (actor_id, actor_name, birth_date, gender) values (27, 'Anne Hathaway', '1982-11-12', 'Female');
insert into Actor (actor_id, actor_name, birth_date, gender) values (28, 'Matthew McConaughey', '1969-11-04', 'Male');
insert into Actor (actor_id, actor_name, birth_date, gender) values (29, 'Jessica Chastain', '1977-07-18', 'Male');
insert into Actor (actor_id, actor_name, birth_date, gender) values (30, 'Fionn Whitehead', '1997-07-18', 'Male');
insert into Actor (actor_id, actor_name, birth_date, gender) values (31, 'Tom Glynn-Carney', '1995-02-07', 'Male');
insert into Actor (actor_id, actor_name, birth_date, gender) values (32, 'Jack Lowden', '1990-06-02', 'Male');
insert into Actor (actor_id, actor_name, birth_date, gender) values (33, 'Harry Styles', '1994-02-01', 'Male');
insert into Actor (actor_id, actor_name, birth_date, gender) values (34, 'John David Washington', '1984-07-28', 'Male');
insert into Actor (actor_id, actor_name, birth_date, gender) values (35, 'Robert Pattinson', '1986-05-13', 'Male');
insert into Actor (actor_id, actor_name, birth_date, gender) values (36, 'Clint Eastwood', '1986-04-08', 'Male');
insert into Actor (actor_id, actor_name, birth_date, gender) values (37, 'Gene Hackman', '1930-01-30', 'Male');
insert into Actor (actor_id, actor_name, birth_date, gender) values (38, 'Morgan Freeman', '1937-06-01', 'Male');
insert into Actor (actor_id, actor_name, birth_date, gender) values (39, 'Tommy Lee Jones', '1946-09-15', 'Male');
insert into Actor (actor_id, actor_name, birth_date, gender) values (40, 'Javier Bardem', '1969-03-01', 'Male');
insert into Actor (actor_id, actor_name, birth_date, gender) values (41, 'Josh Brolin', '1968-02-12', 'Male');
insert into Actor (actor_id, actor_name, birth_date, gender) values (42, 'Emilie Dequenne', '1981-08-29', 'Female');
insert into Actor (actor_id, actor_name, birth_date, gender) values (43, 'Fabrizio Rongione', '1973-03-03', 'Male');
insert into Actor (actor_id, actor_name, birth_date, gender) values (44, 'Ellen Burstyn', '1932-12-07', 'Female');
insert into Actor (actor_id, actor_name, birth_date, gender) values (45, 'Jared Leto', '1971-12-26', 'Male');
insert into Actor (actor_id, actor_name, birth_date, gender) values (46, 'Jennifer Connelly', '1970-12-12', 'Female');
insert into Actor (actor_id, actor_name, birth_date, gender) values (47, 'Viggo Mortensen', '1958-10-20', 'Male');
insert into Actor (actor_id, actor_name, birth_date, gender) values (48, 'Maria Bello', '1967-04-18', 'Female');
insert into Actor (actor_id, actor_name, birth_date, gender) values (49, 'Gwyneth Paltrow', '1972-09-27', 'Female');
insert into Actor (actor_id, actor_name, birth_date, gender) values (50, 'Edward Norton', '1969-08-18', 'Male');
insert into Actor (actor_id, actor_name, birth_date, gender) values (51, 'Helena Bonham Carter', '1966-05-26', 'Female');
insert into Actor (actor_id, actor_name, birth_date, gender) values (52, 'Jake Gyllenhaal', '1980-12-19', 'Male');
insert into Actor (actor_id, actor_name, birth_date, gender) values (53, 'Mark Ruffalo', '1967-11-22', 'Male');
insert into Actor (actor_id, actor_name, birth_date, gender) values (54, 'Robert Downey Jr.', '1965-04-04', 'Male');
insert into Actor (actor_id, actor_name, birth_date, gender) values (55, 'Cate Blanchett', '1969-05-14', 'Female');
insert into Actor (actor_id, actor_name, birth_date, gender) values (56, 'Tilda Swinton', '1960-11-05', 'Female');
insert into Actor (actor_id, actor_name, birth_date, gender) values (57, 'Jesse Eisenberg', '1983-10-05', 'Male');
insert into Actor (actor_id, actor_name, birth_date, gender) values (58, 'Andrew Garfield', '1983-08-20', 'Male');
insert into Actor (actor_id, actor_name, birth_date, gender) values (59, 'Justin Timberlake', '1981-01-31', 'Male');
insert into Actor (actor_id, actor_name, birth_date, gender) values (60, 'Naomi Watts', '1968-09-28', 'Male');
insert into Actor (actor_id, actor_name, birth_date, gender) values (61, 'Justin Theroux', '1971-08-10', 'Male');
insert into Actor (actor_id, actor_name, birth_date, gender) values (62, 'Timothee Chalamet', '1995-12-27', 'Male');
insert into Actor (actor_id, actor_name, birth_date, gender) values (63, 'Chang Chen', '1976-10-14', 'Male');
insert into Actor (actor_id, actor_name, birth_date, gender) values (64, 'Vivian Leigh', '1913-11-05', 'Female');
insert into Actor (actor_id, actor_name, birth_date, gender) values (65, 'Marlon Brando', '1924-04-03', 'Male');
insert into Actor (actor_id, actor_name, birth_date, gender) values (66, 'Miriam Hopkins', '1902-10-18', 'Female');
insert into Actor (actor_id, actor_name, birth_date, gender) values (67, 'Marcello Mastroianni', '1924-09-28', 'Male');
insert into Actor (actor_id, actor_name, birth_date, gender) values (68, 'Jean-Pierre Leaud', '1944-05-28', 'Male');
insert into Actor (actor_id, actor_name, birth_date, gender) values (69, 'Peter Lorre', '1904-06-26', 'Male');
insert into Actor (actor_id, actor_name, birth_date, gender) values (70, 'Sergi Lopez', '1965-12-22', 'Male');
insert into Actor (actor_id, actor_name, birth_date, gender) values (71, 'Masahiro Higashide', '1988-02-01', 'Male');
insert into Actor (actor_id, actor_name, birth_date, gender) values (72, 'Tony Leung Chiu Wai', '1962-06-27', 'Male');
insert into Actor (actor_id, actor_name, birth_date, gender) values (73, 'Masumi Harukawa', '1935-11-16', 'Female');
insert into Actor (actor_id, actor_name, birth_date, gender) values (74, 'Bibi Andersson', '1935-11-11', 'Female');
insert into Actor (actor_id, actor_name, birth_date, gender) values (75, 'Miho Nakayama', '1970-03-01', 'Female');
insert into Actor (actor_id, actor_name, birth_date, gender) values (76, 'Nora Gregor', '1901-02-03', 'Female');
insert into Actor (actor_id, actor_name, birth_date, gender) values (77, 'Jean Seberg', '1938-11-13', 'Female');
insert into Actor (actor_id, actor_name, birth_date, gender) values (78, 'Zhao Tao', '1977-01-28', 'Female');
insert into Actor (actor_id, actor_name, birth_date, gender) values (79, 'Bill Murray', '1950-09-21', 'Male');
insert into Actor (actor_id, actor_name, birth_date, gender) values (80, "George O'Brien", '1899-04-19', 'Male');
insert into Actor (actor_id, actor_name, birth_date, gender) values (81, 'Humphrey Bogart', '1899-12-25', 'Male');
insert into Actor (actor_id, actor_name, birth_date, gender) values (82, 'Kitano Takeshi', '1947-01-18', 'Male');
insert into Actor (actor_id, actor_name, birth_date, gender) values (83, 'Hiroshi Abe', '1964-06-22', 'Male');
insert into Actor (actor_id, actor_name, birth_date, gender) values (84, 'Irene Jacob', '1966-07-15', 'Female');


insert into GenreType (genre) values ('Crime');
insert into GenreType (genre) values ('Drama');
insert into GenreType (genre) values ('Mystery');
insert into GenreType (genre) values ('History');
insert into GenreType (genre) values ('Romance');
insert into GenreType (genre) values ('Comedy');
insert into GenreType (genre) values ('Action');
insert into GenreType (genre) values ('SF');
insert into GenreType (genre) values ('Western');
insert into GenreType (genre) values ('Thriller');
insert into GenreType (genre) values ('Fantasy');
insert into GenreType (genre) values ('Adventure');
insert into GenreType (genre) values ('Family');



insert into MovieGenre (movie_id, genre) values (1, 'Crime');
insert into MovieGenre (movie_id, genre) values (1, 'Drama');
insert into MovieGenre (movie_id, genre) values (2, 'Crime');
insert into MovieGenre (movie_id, genre) values (2, 'Mystery');
insert into MovieGenre (movie_id, genre) values (3, 'Drama');
insert into MovieGenre (movie_id, genre) values (3, 'History');
insert into MovieGenre (movie_id, genre) values (4, 'Drama');
insert into MovieGenre (movie_id, genre) values (5, 'Drama');
insert into MovieGenre (movie_id, genre) values (6, 'Romance');
insert into MovieGenre (movie_id, genre) values (6, 'Drama');
insert into MovieGenre (movie_id, genre) values (7, 'Crime');
insert into MovieGenre (movie_id, genre) values (8, 'Comedy');
insert into MovieGenre (movie_id, genre) values (8, 'Romance');
insert into MovieGenre (movie_id, genre) values (9, 'Crime');
insert into MovieGenre (movie_id, genre) values (9, 'Action');
insert into MovieGenre (movie_id, genre) values (10, 'Crime');
insert into MovieGenre (movie_id, genre) values (10, 'Drama');
insert into MovieGenre (movie_id, genre) values (10, 'Action');
insert into MovieGenre (movie_id, genre) values (10, 'Mystery');
insert into MovieGenre (movie_id, genre) values (11, 'SF');
insert into MovieGenre (movie_id, genre) values (11, 'Action');
insert into MovieGenre (movie_id, genre) values (12, 'Action');
insert into MovieGenre (movie_id, genre) values (12, 'Crime');
insert into MovieGenre (movie_id, genre) values (13, 'SF');
insert into MovieGenre (movie_id, genre) values (14, 'Action');
insert into MovieGenre (movie_id, genre) values (15, 'Action');
insert into MovieGenre (movie_id, genre) values (15, 'SF');
insert into MovieGenre (movie_id, genre) values (16, 'Crime');
insert into MovieGenre (movie_id, genre) values (16, 'Western');
insert into MovieGenre (movie_id, genre) values (17, 'Thriller');
insert into MovieGenre (movie_id, genre) values (17, 'Drama');
insert into MovieGenre (movie_id, genre) values (17, 'Crime');
insert into MovieGenre (movie_id, genre) values (18, 'Drama');
insert into MovieGenre (movie_id, genre) values (19, 'Drama');
insert into MovieGenre (movie_id, genre) values (20, 'Crime');
insert into MovieGenre (movie_id, genre) values (20, 'Drama');
insert into MovieGenre (movie_id, genre) values (20, 'Thriller');
insert into MovieGenre (movie_id, genre) values (21, 'Thriller');
insert into MovieGenre (movie_id, genre) values (22, 'Action');
insert into MovieGenre (movie_id, genre) values (22, 'Drama');
insert into MovieGenre (movie_id, genre) values (23, 'Crime');
insert into MovieGenre (movie_id, genre) values (23, 'Thriller');
insert into MovieGenre (movie_id, genre) values (24, 'Romance');
insert into MovieGenre (movie_id, genre) values (24, 'Fantasy');
insert into MovieGenre (movie_id, genre) values (25, 'Drama');
insert into MovieGenre (movie_id, genre) values (26, 'Mystery');
insert into MovieGenre (movie_id, genre) values (26, 'Thriller');
insert into MovieGenre (movie_id, genre) values (27, 'Adventure');
insert into MovieGenre (movie_id, genre) values (27, 'SF');
insert into MovieGenre (movie_id, genre) values (27, 'Drama');
insert into MovieGenre (movie_id, genre) values (28, 'Drama');
insert into MovieGenre (movie_id, genre) values (29, 'Drama');
insert into MovieGenre (movie_id, genre) values (30, 'Comedy');
insert into MovieGenre (movie_id, genre) values (30, 'Romance');
insert into MovieGenre (movie_id, genre) values (31, 'Drama');
insert into MovieGenre (movie_id, genre) values (32, 'Drama');
insert into MovieGenre (movie_id, genre) values (32, 'Crime');
insert into MovieGenre (movie_id, genre) values (32, 'Thriller');
insert into MovieGenre (movie_id, genre) values (33, 'Crime');
insert into MovieGenre (movie_id, genre) values (33, 'Drama');
insert into MovieGenre (movie_id, genre) values (34, 'Family');
insert into MovieGenre (movie_id, genre) values (34, 'Fantasy');
insert into MovieGenre (movie_id, genre) values (35, 'Crime');
insert into MovieGenre (movie_id, genre) values (36, 'Fantasy');
insert into MovieGenre (movie_id, genre) values (36, 'Thriller');
insert into MovieGenre (movie_id, genre) values (37, 'Drama');
insert into MovieGenre (movie_id, genre) values (37, 'Romance');
insert into MovieGenre (movie_id, genre) values (38, 'Drama');
insert into MovieGenre (movie_id, genre) values (39, 'Drama');
insert into MovieGenre (movie_id, genre) values (40, 'Drama');
insert into MovieGenre (movie_id, genre) values (41, 'Drama');
insert into MovieGenre (movie_id, genre) values (41, 'Romance');
insert into MovieGenre (movie_id, genre) values (42, 'Comedy');
insert into MovieGenre (movie_id, genre) values (42, 'Drama');
insert into MovieGenre (movie_id, genre) values (43, 'Crime');
insert into MovieGenre (movie_id, genre) values (43, 'Romance');
insert into MovieGenre (movie_id, genre) values (43, 'Thriller');
insert into MovieGenre (movie_id, genre) values (44, 'Drama');
insert into MovieGenre (movie_id, genre) values (44, 'Romance');
insert into MovieGenre (movie_id, genre) values (45, 'Comedy');
insert into MovieGenre (movie_id, genre) values (45, 'Drama');
insert into MovieGenre (movie_id, genre) values (46, 'Western');
insert into MovieGenre (movie_id, genre) values (47, 'Crime');
insert into MovieGenre (movie_id, genre) values (47, 'Mystery');
insert into MovieGenre (movie_id, genre) values (48, 'Action');
insert into MovieGenre (movie_id, genre) values (48, 'Drama');
insert into MovieGenre (movie_id, genre) values (49, 'Family');
insert into MovieGenre (movie_id, genre) values (49, 'Drama');
insert into MovieGenre (movie_id, genre) values (50, 'Drama');


insert into ProductionCountry (movie_id, country) values (1, 'Iran');
insert into ProductionCountry (movie_id, country) values (2, 'USA');
insert into ProductionCountry (movie_id, country) values (3, 'Russia');
insert into ProductionCountry (movie_id, country) values (4, 'Thailand');
insert into ProductionCountry (movie_id, country) values (4, 'England');
insert into ProductionCountry (movie_id, country) values (4, 'France');
insert into ProductionCountry (movie_id, country) values (4, 'Germany');
insert into ProductionCountry (movie_id, country) values (4, 'Spain');
insert into ProductionCountry (movie_id, country) values (4, 'Netherland');
insert into ProductionCountry (movie_id, country) values (4, 'Italy');
insert into ProductionCountry (movie_id, country) values (5, 'USA');
insert into ProductionCountry (movie_id, country) values (6, 'USA');
insert into ProductionCountry (movie_id, country) values (7, 'USA');
insert into ProductionCountry (movie_id, country) values (8, 'USA');
insert into ProductionCountry (movie_id, country) values (9, 'USA');
insert into ProductionCountry (movie_id, country) values (10, 'USA');
insert into ProductionCountry (movie_id, country) values (11, 'USA');
insert into ProductionCountry (movie_id, country) values (11, 'England');
insert into ProductionCountry (movie_id, country) values (12, 'USA');
insert into ProductionCountry (movie_id, country) values (12, 'England');
insert into ProductionCountry (movie_id, country) values (13, 'USA');
insert into ProductionCountry (movie_id, country) values (14, 'USA');
insert into ProductionCountry (movie_id, country) values (14, 'England');
insert into ProductionCountry (movie_id, country) values (14, 'France');
insert into ProductionCountry (movie_id, country) values (15, 'England');
insert into ProductionCountry (movie_id, country) values (15, 'USA');
insert into ProductionCountry (movie_id, country) values (16, 'USA');
insert into ProductionCountry (movie_id, country) values (17, 'USA');
insert into ProductionCountry (movie_id, country) values (18, 'France');
insert into ProductionCountry (movie_id, country) values (18, 'Belgium');
insert into ProductionCountry (movie_id, country) values (19, 'USA');
insert into ProductionCountry (movie_id, country) values (20, 'USA');
insert into ProductionCountry (movie_id, country) values (20, 'Germany');
insert into ProductionCountry (movie_id, country) values (21, 'USA');
insert into ProductionCountry (movie_id, country) values (22, 'USA');
insert into ProductionCountry (movie_id, country) values (22, 'Germany');
insert into ProductionCountry (movie_id, country) values (23, 'USA');
insert into ProductionCountry (movie_id, country) values (24, 'USA');
insert into ProductionCountry (movie_id, country) values (25, 'USA');
insert into ProductionCountry (movie_id, country) values (26, 'France');
insert into ProductionCountry (movie_id, country) values (26, 'USA');
insert into ProductionCountry (movie_id, country) values (27, 'USA');
insert into ProductionCountry (movie_id, country) values (27, 'Hungary');
insert into ProductionCountry (movie_id, country) values (27, 'Canada');
insert into ProductionCountry (movie_id, country) values (28, 'Taiwan');
insert into ProductionCountry (movie_id, country) values (29, 'USA');
insert into ProductionCountry (movie_id, country) values (30, 'USA');
insert into ProductionCountry (movie_id, country) values (31, 'Italy');
insert into ProductionCountry (movie_id, country) values (32, 'USA');
insert into ProductionCountry (movie_id, country) values (33, 'France');
insert into ProductionCountry (movie_id, country) values (34, 'USA');
insert into ProductionCountry (movie_id, country) values (35, 'Germany');
insert into ProductionCountry (movie_id, country) values (36, 'Spain');
insert into ProductionCountry (movie_id, country) values (36, 'Mexico');
insert into ProductionCountry (movie_id, country) values (36, 'USA');
insert into ProductionCountry (movie_id, country) values (37, 'Japan');
insert into ProductionCountry (movie_id, country) values (38, 'Taiwan');
insert into ProductionCountry (movie_id, country) values (38, 'Hong Kong');
insert into ProductionCountry (movie_id, country) values (39, 'Japan');
insert into ProductionCountry (movie_id, country) values (40, 'Sweden');
insert into ProductionCountry (movie_id, country) values (41, 'Japan');
insert into ProductionCountry (movie_id, country) values (42, 'France');
insert into ProductionCountry (movie_id, country) values (43, 'France');
insert into ProductionCountry (movie_id, country) values (44, 'China');
insert into ProductionCountry (movie_id, country) values (44, 'Hong Kong');
insert into ProductionCountry (movie_id, country) values (45, 'USA');
insert into ProductionCountry (movie_id, country) values (45, 'France');
insert into ProductionCountry (movie_id, country) values (46, 'USA');
insert into ProductionCountry (movie_id, country) values (47, 'USA');
insert into ProductionCountry (movie_id, country) values (48, 'Japan');
insert into ProductionCountry (movie_id, country) values (49, 'Japan');
insert into ProductionCountry (movie_id, country) values (50, 'France');
insert into ProductionCountry (movie_id, country) values (50, 'Switzerland');
insert into ProductionCountry (movie_id, country) values (50, 'Poland');


insert into OriginalLanguage (movie_id, language) values (1, 'Persian');
insert into OriginalLanguage (movie_id, language) values (2, 'English');
insert into OriginalLanguage (movie_id, language) values (3, 'Russian');
insert into OriginalLanguage (movie_id, language) values (4, 'Isan');
insert into OriginalLanguage (movie_id, language) values (4, 'Thai');
insert into OriginalLanguage (movie_id, language) values (5, 'English');
insert into OriginalLanguage (movie_id, language) values (6, 'English');
insert into OriginalLanguage (movie_id, language) values (7, 'Portuguese');
insert into OriginalLanguage (movie_id, language) values (8, 'English');
insert into OriginalLanguage (movie_id, language) values (9, 'English');
insert into OriginalLanguage (movie_id, language) values (10, 'English');
insert into OriginalLanguage (movie_id, language) values (11, 'English');
insert into OriginalLanguage (movie_id, language) values (12, 'English');
insert into OriginalLanguage (movie_id, language) values (13, 'English');
insert into OriginalLanguage (movie_id, language) values (14, 'English');
insert into OriginalLanguage (movie_id, language) values (15, 'English');
insert into OriginalLanguage (movie_id, language) values (16, 'English');
insert into OriginalLanguage (movie_id, language) values (17, 'English');
insert into OriginalLanguage (movie_id, language) values (18, 'French');
insert into OriginalLanguage (movie_id, language) values (19, 'English');
insert into OriginalLanguage (movie_id, language) values (20, 'English');
insert into OriginalLanguage (movie_id, language) values (21, 'English');
insert into OriginalLanguage (movie_id, language) values (22, 'English');
insert into OriginalLanguage (movie_id, language) values (23, 'English');
insert into OriginalLanguage (movie_id, language) values (24, 'English');
insert into OriginalLanguage (movie_id, language) values (25, 'English');
insert into OriginalLanguage (movie_id, language) values (26, 'English');
insert into OriginalLanguage (movie_id, language) values (27, 'English');
insert into OriginalLanguage (movie_id, language) values (28, 'Mandarin');
insert into OriginalLanguage (movie_id, language) values (28, 'Shanghainese');
insert into OriginalLanguage (movie_id, language) values (28, 'Taiwanese');
insert into OriginalLanguage (movie_id, language) values (29, 'English');
insert into OriginalLanguage (movie_id, language) values (30, 'English');
insert into OriginalLanguage (movie_id, language) values (31, 'Italian');
insert into OriginalLanguage (movie_id, language) values (32, 'English');
insert into OriginalLanguage (movie_id, language) values (33, 'French');
insert into OriginalLanguage (movie_id, language) values (34, 'English');
insert into OriginalLanguage (movie_id, language) values (35, 'German');
insert into OriginalLanguage (movie_id, language) values (36, 'Spanish');
insert into OriginalLanguage (movie_id, language) values (37, 'Japanese');
insert into OriginalLanguage (movie_id, language) values (38, 'Taiwanese');
insert into OriginalLanguage (movie_id, language) values (38, 'Mandarin');
insert into OriginalLanguage (movie_id, language) values (38, 'Japanese');
insert into OriginalLanguage (movie_id, language) values (38, 'Cantonese');
insert into OriginalLanguage (movie_id, language) values (38, 'Shanghainese');
insert into OriginalLanguage (movie_id, language) values (39, 'Japanese');
insert into OriginalLanguage (movie_id, language) values (40, 'Swedish');
insert into OriginalLanguage (movie_id, language) values (41, 'Japanese');
insert into OriginalLanguage (movie_id, language) values (42, 'French');
insert into OriginalLanguage (movie_id, language) values (43, 'French');
insert into OriginalLanguage (movie_id, language) values (44, 'Mandarin');
insert into OriginalLanguage (movie_id, language) values (45, 'English');
insert into OriginalLanguage (movie_id, language) values (46, 'English');  
insert into OriginalLanguage (movie_id, language) values (47, 'English');
insert into OriginalLanguage (movie_id, language) values (48, 'Japanese');
insert into OriginalLanguage (movie_id, language) values (49, 'Japanese');
insert into OriginalLanguage (movie_id, language) values (50, 'French');


insert into MovieCast (movie_id, cast_id) values (1, 1);
insert into MovieCast (movie_id, cast_id) values (2, 2);
insert into MovieCast (movie_id, cast_id) values (2, 3);
insert into MovieCast (movie_id, cast_id) values (2, 4);
insert into MovieCast (movie_id, cast_id) values (3, 5);
insert into MovieCast (movie_id, cast_id) values (3, 6);
insert into MovieCast (movie_id, cast_id) values (4, 7);
insert into MovieCast (movie_id, cast_id) values (5, 8);
insert into MovieCast (movie_id, cast_id) values (5, 9);
insert into MovieCast (movie_id, cast_id) values (5, 10);
insert into MovieCast (movie_id, cast_id) values (6, 11);
insert into MovieCast (movie_id, cast_id) values (6, 12);
insert into MovieCast (movie_id, cast_id) values (7, 13);
insert into MovieCast (movie_id, cast_id) values (8, 14);
insert into MovieCast (movie_id, cast_id) values (9, 15);
insert into MovieCast (movie_id, cast_id) values (9, 16);
insert into MovieCast (movie_id, cast_id) values (9, 17);
insert into MovieCast (movie_id, cast_id) values (9, 18);
insert into MovieCast (movie_id, cast_id) values (9, 19);
insert into MovieCast (movie_id, cast_id) values (10, 15);
insert into MovieCast (movie_id, cast_id) values (10, 16);
insert into MovieCast (movie_id, cast_id) values (10, 20);
insert into MovieCast (movie_id, cast_id) values (10, 19);
insert into MovieCast (movie_id, cast_id) values (11, 16);
insert into MovieCast (movie_id, cast_id) values (11, 21);
insert into MovieCast (movie_id, cast_id) values (11, 22);
insert into MovieCast (movie_id, cast_id) values (11, 23);
insert into MovieCast (movie_id, cast_id) values (11, 24);
insert into MovieCast (movie_id, cast_id) values (11, 25);
insert into MovieCast (movie_id, cast_id) values (11, 26);
insert into MovieCast (movie_id, cast_id) values (12, 15);
insert into MovieCast (movie_id, cast_id) values (12, 16);
insert into MovieCast (movie_id, cast_id) values (12, 19);
insert into MovieCast (movie_id, cast_id) values (12, 27);
insert into MovieCast (movie_id, cast_id) values (12, 26);
insert into MovieCast (movie_id, cast_id) values (12, 24);
insert into MovieCast (movie_id, cast_id) values (12, 23);
insert into MovieCast (movie_id, cast_id) values (13, 28);
insert into MovieCast (movie_id, cast_id) values (13, 27);
insert into MovieCast (movie_id, cast_id) values (13, 29);
insert into MovieCast (movie_id, cast_id) values (13, 16);
insert into MovieCast (movie_id, cast_id) values (14, 30);
insert into MovieCast (movie_id, cast_id) values (14, 31);
insert into MovieCast (movie_id, cast_id) values (14, 32);
insert into MovieCast (movie_id, cast_id) values (14, 33);
insert into MovieCast (movie_id, cast_id) values (15, 34);
insert into MovieCast (movie_id, cast_id) values (15, 35);
insert into MovieCast (movie_id, cast_id) values (15, 16);
insert into MovieCast (movie_id, cast_id) values (16, 36);
insert into MovieCast (movie_id, cast_id) values (16, 37);
insert into MovieCast (movie_id, cast_id) values (16, 38);
insert into MovieCast (movie_id, cast_id) values (17, 39);
insert into MovieCast (movie_id, cast_id) values (17, 40);
insert into MovieCast (movie_id, cast_id) values (17, 41);
insert into MovieCast (movie_id, cast_id) values (18, 42);
insert into MovieCast (movie_id, cast_id) values (18, 43);
insert into MovieCast (movie_id, cast_id) values (19, 44);
insert into MovieCast (movie_id, cast_id) values (19, 45);
insert into MovieCast (movie_id, cast_id) values (19, 46);
insert into MovieCast (movie_id, cast_id) values (20, 47);
insert into MovieCast (movie_id, cast_id) values (20, 48);
insert into MovieCast (movie_id, cast_id) values (21, 8);
insert into MovieCast (movie_id, cast_id) values (21, 38);
insert into MovieCast (movie_id, cast_id) values (21, 49);
insert into MovieCast (movie_id, cast_id) values (22, 8);
insert into MovieCast (movie_id, cast_id) values (22, 50);
insert into MovieCast (movie_id, cast_id) values (22, 51);
insert into MovieCast (movie_id, cast_id) values (22, 45);
insert into MovieCast (movie_id, cast_id) values (23, 52);
insert into MovieCast (movie_id, cast_id) values (23, 53);
insert into MovieCast (movie_id, cast_id) values (23, 54);
insert into MovieCast (movie_id, cast_id) values (24, 8);
insert into MovieCast (movie_id, cast_id) values (24, 55);
insert into MovieCast (movie_id, cast_id) values (24, 56);
insert into MovieCast (movie_id, cast_id) values (25, 57);
insert into MovieCast (movie_id, cast_id) values (25, 58);
insert into MovieCast (movie_id, cast_id) values (25, 59);
insert into MovieCast (movie_id, cast_id) values (26, 60);
insert into MovieCast (movie_id, cast_id) values (26, 61);
insert into MovieCast (movie_id, cast_id) values (27, 62);
insert into MovieCast (movie_id, cast_id) values (28, 63);
insert into MovieCast (movie_id, cast_id) values (29, 64);
insert into MovieCast (movie_id, cast_id) values (29, 65);
insert into MovieCast (movie_id, cast_id) values (30, 66);
insert into MovieCast (movie_id, cast_id) values (31, 67);
insert into MovieCast (movie_id, cast_id) values (32, 65);
insert into MovieCast (movie_id, cast_id) values (32, 13);
insert into MovieCast (movie_id, cast_id) values (33, 68);
insert into MovieCast (movie_id, cast_id) values (34, 2);
insert into MovieCast (movie_id, cast_id) values (35, 69);
insert into MovieCast (movie_id, cast_id) values (36, 70);
insert into MovieCast (movie_id, cast_id) values (37, 71);
insert into MovieCast (movie_id, cast_id) values (38, 72);
insert into MovieCast (movie_id, cast_id) values (39, 73);
insert into MovieCast (movie_id, cast_id) values (40, 74);
insert into MovieCast (movie_id, cast_id) values (41, 75);
insert into MovieCast (movie_id, cast_id) values (42, 76);
insert into MovieCast (movie_id, cast_id) values (43, 77);
insert into MovieCast (movie_id, cast_id) values (44, 78);
insert into MovieCast (movie_id, cast_id) values (45, 79);
insert into MovieCast (movie_id, cast_id) values (45, 56);
insert into MovieCast (movie_id, cast_id) values (46, 80);
insert into MovieCast (movie_id, cast_id) values (47, 81);
insert into MovieCast (movie_id, cast_id) values (48, 82);
insert into MovieCast (movie_id, cast_id) values (49, 83);
insert into MovieCast (movie_id, cast_id) values (50, 84);


insert into ActorNationality (actor_id, nationality) values (1, 'Iran');
insert into ActorNationality (actor_id, nationality) values (2, 'USA');
insert into ActorNationality (actor_id, nationality) values (3, 'USA');
insert into ActorNationality (actor_id, nationality) values (4, 'USA');
insert into ActorNationality (actor_id, nationality) values (5, 'Russia');
insert into ActorNationality (actor_id, nationality) values (6, 'Russia');
insert into ActorNationality (actor_id, nationality) values (7, 'Thailand');
insert into ActorNationality (actor_id, nationality) values (8, 'USA');
insert into ActorNationality (actor_id, nationality) values (9, 'USA');
insert into ActorNationality (actor_id, nationality) values (10, 'USA');
insert into ActorNationality (actor_id, nationality) values (11, 'USA');
insert into ActorNationality (actor_id, nationality) values (12, 'USA');
insert into ActorNationality (actor_id, nationality) values (13, 'USA');
insert into ActorNationality (actor_id, nationality) values (14, 'England');
insert into ActorNationality (actor_id, nationality) values (15, 'England');
insert into ActorNationality (actor_id, nationality) values (16, 'England');
insert into ActorNationality (actor_id, nationality) values (17, 'Ireland');
insert into ActorNationality (actor_id, nationality) values (18, 'USA');
insert into ActorNationality (actor_id, nationality) values (19, 'England');
insert into ActorNationality (actor_id, nationality) values (20, 'Australia');
insert into ActorNationality (actor_id, nationality) values (21, 'USA');
insert into ActorNationality (actor_id, nationality) values (22, 'Japan');
insert into ActorNationality (actor_id, nationality) values (23, 'USA');
insert into ActorNationality (actor_id, nationality) values (24, 'France');
insert into ActorNationality (actor_id, nationality) values (25, 'Canada');
insert into ActorNationality (actor_id, nationality) values (26, 'England');
insert into ActorNationality (actor_id, nationality) values (27, 'USA');
insert into ActorNationality (actor_id, nationality) values (28, 'USA');
insert into ActorNationality (actor_id, nationality) values (29, 'USA');
insert into ActorNationality (actor_id, nationality) values (30, 'England');
insert into ActorNationality (actor_id, nationality) values (31, 'England');
insert into ActorNationality (actor_id, nationality) values (32, 'England');
insert into ActorNationality (actor_id, nationality) values (33, 'England');
insert into ActorNationality (actor_id, nationality) values (34, 'USA');
insert into ActorNationality (actor_id, nationality) values (35, 'England');
insert into ActorNationality (actor_id, nationality) values (36, 'USA');
insert into ActorNationality (actor_id, nationality) values (37, 'USA');
insert into ActorNationality (actor_id, nationality) values (38, 'USA');
insert into ActorNationality (actor_id, nationality) values (39, 'USA');
insert into ActorNationality (actor_id, nationality) values (40, 'Spain');
insert into ActorNationality (actor_id, nationality) values (41, 'USA');
insert into ActorNationality (actor_id, nationality) values (42, 'Belgium');
insert into ActorNationality (actor_id, nationality) values (43, 'Belgium');
insert into ActorNationality (actor_id, nationality) values (44, 'USA');
insert into ActorNationality (actor_id, nationality) values (45, 'USA');
insert into ActorNationality (actor_id, nationality) values (46, 'USA');
insert into ActorNationality (actor_id, nationality) values (47, 'Denmark');
insert into ActorNationality (actor_id, nationality) values (48, 'USA');
insert into ActorNationality (actor_id, nationality) values (49, 'USA');
insert into ActorNationality (actor_id, nationality) values (50, 'USA');
insert into ActorNationality (actor_id, nationality) values (51, 'England');
insert into ActorNationality (actor_id, nationality) values (52, 'USA');
insert into ActorNationality (actor_id, nationality) values (53, 'USA');
insert into ActorNationality (actor_id, nationality) values (54, 'USA');
insert into ActorNationality (actor_id, nationality) values (55, 'Australia');
insert into ActorNationality (actor_id, nationality) values (56, 'England');
insert into ActorNationality (actor_id, nationality) values (57, 'USA');
insert into ActorNationality (actor_id, nationality) values (58, 'England');
insert into ActorNationality (actor_id, nationality) values (59, 'USA');
insert into ActorNationality (actor_id, nationality) values (60, 'England');
insert into ActorNationality (actor_id, nationality) values (61, 'USA');
insert into ActorNationality (actor_id, nationality) values (62, 'USA');
insert into ActorNationality (actor_id, nationality) values (63, 'Taiwan');
insert into ActorNationality (actor_id, nationality) values (64, 'England');
insert into ActorNationality (actor_id, nationality) values (65, 'USA');
insert into ActorNationality (actor_id, nationality) values (66, 'USA');
insert into ActorNationality (actor_id, nationality) values (67, 'Italy');
insert into ActorNationality (actor_id, nationality) values (68, 'France');
insert into ActorNationality (actor_id, nationality) values (69, 'Hungary');
insert into ActorNationality (actor_id, nationality) values (70, 'Spain');
insert into ActorNationality (actor_id, nationality) values (71, 'Japan');
insert into ActorNationality (actor_id, nationality) values (72, 'Hong Kong');
insert into ActorNationality (actor_id, nationality) values (73, 'Japan');
insert into ActorNationality (actor_id, nationality) values (74, 'Sweden');
insert into ActorNationality (actor_id, nationality) values (75, 'Japan');
insert into ActorNationality (actor_id, nationality) values (76, 'Hungary');
insert into ActorNationality (actor_id, nationality) values (77, 'USA');
insert into ActorNationality (actor_id, nationality) values (78, 'China');
insert into ActorNationality (actor_id, nationality) values (79, 'USA');
insert into ActorNationality (actor_id, nationality) values (80, 'USA');
insert into ActorNationality (actor_id, nationality) values (81, 'USA');
insert into ActorNationality (actor_id, nationality) values (82, 'Japan');
insert into ActorNationality (actor_id, nationality) values (83, 'Japan');
insert into ActorNationality (actor_id, nationality) values (84, 'France');









